timestamp_utc,venue,instrument,rToken_symbol,direction,price_usd,quantity,notional_usd,net_edge_pct,residual_gap_pct,balance_after_usd,balance_change_usd,decision_id,price_source
2026-10-06T10:54:00.786000Z,bitget,MSTR,RMSTRUSDT,ROTATE,157.7300,0.633995,100.00,0.8600,1.0000,10000.00,0.00,,bitget_daily_close_reconstructed
2026-10-06T10:54:00.788000Z,bitget,AAPL,RAAPLUSDT,WAIT,333.3300,0,0.00,-0.0400,0.1000,10000.00,0.00,,bitget_daily_close_reconstructed
2026-10-06T10:54:10.685000Z,bitget,MSTR,RMSTRUSDT,ROTATE,157.7300,0.633995,100.00,0.8414,0.9814,10000.00,0.00,,bitget_daily_close_reconstructed
2026-10-06T10:59:16.002000Z,bitget,MSTR,RMSTRUSDT,ROTATE,157.7300,0.633995,100.00,0.8600,1.0000,10000.00,0.00,,bitget_daily_close_reconstructed
2026-10-06T10:59:16.010000Z,bitget,AAPL,RAAPLUSDT,WAIT,333.3300,0,0.00,-0.0400,0.1000,10000.00,0.00,,bitget_daily_close_reconstructed
2026-10-06T10:59:53.732000Z,bitget,MSTR,RMSTRUSDT,ROTATE,157.7300,0.633995,100.00,0.8600,1.0000,10000.00,0.00,,bitget_daily_close_reconstructed
2026-10-06T10:59:53.734000Z,bitget,AAPL,RAAPLUSDT,WAIT,333.3300,0,0.00,-0.0400,0.1000,10000.00,0.00,,bitget_daily_close_reconstructed
2026-10-06T11:00:27.652000Z,bitget,MSTR,RMSTRUSDT,ROTATE,157.7300,0.633995,100.00,0.8600,1.0000,10000.00,0.00,,bitget_daily_close_reconstructed
2026-10-06T11:00:27.657000Z,bitget,AAPL,RAAPLUSDT,WAIT,333.3300,0,0.00,-0.0400,0.1000,10000.00,0.00,,bitget_daily_close_reconstructed
2026-10-06T11:00:47.872000Z,bitget,MSTR,RMSTRUSDT,ROTATE,157.7300,0.633995,100.00,0.8600,1.0000,10000.00,0.00,,bitget_daily_close_reconstructed
2026-10-06T11:00:47.877000Z,bitget,AAPL,RAAPLUSDT,WAIT,333.3300,0,0.00,-0.0400,0.1000,10000.00,0.00,,bitget_daily_close_reconstructed
2026-10-06T11:06:03.815000Z,bitget,MSTR,RMSTRUSDT,ROTATE,157.7300,0.633995,100.00,0.8600,1.0000,10000.00,0.00,,bitget_daily_close_reconstructed
2026-10-06T11:06:03.825000Z,bitget,AAPL,RAAPLUSDT,WAIT,333.3300,0,0.00,-0.0400,0.1000,10000.00,0.00,,bitget_daily_close_reconstructed
2026-10-06T11:10:08.839000Z,bitget,MSTR,RMSTRUSDT,ROTATE,157.7300,0.633995,100.00,0.8600,1.0000,10000.00,0.00,,bitget_daily_close_reconstructed
2026-10-06T11:10:08.883000Z,bitget,AAPL,RAAPLUSDT,WAIT,333.3300,0,0.00,-0.0400,0.1000,10000.00,0.00,,bitget_daily_close_reconstructed
2026-10-06T11:24:18.729000Z,bitget,MSTR,RMSTRUSDT,ROTATE,157.7300,0.633995,100.00,0.8600,1.0000,10000.00,0.00,,bitget_daily_close_reconstructed
2026-10-06T11:24:18.827000Z,bitget,AAPL,RAAPLUSDT,WAIT,333.3300,0,0.00,-0.0400,0.1000,10000.00,0.00,,bitget_daily_close_reconstructed
2026-10-06T11:32:45.300000Z,bitget,MSTR,RMSTRUSDT,ROTATE,157.7300,0.633995,100.00,0.8600,1.0000,10000.00,0.00,,bitget_daily_close_reconstructed
2026-10-06T11:32:45.443000Z,bitget,AAPL,RAAPLUSDT,WAIT,333.3300,0,0.00,-0.0400,0.1000,10000.00,0.00,,bitget_daily_close_reconstructed
2026-10-06T11:34:59.615000Z,bitget,MSTR,RMSTRUSDT,ROTATE,157.7300,0.633995,100.00,0.8600,1.0000,10000.00,0.00,,bitget_daily_close_reconstructed
2026-10-06T11:34:59.659000Z,bitget,AAPL,RAAPLUSDT,WAIT,333.3300,0,0.00,-0.0400,0.1000,10000.00,0.00,,bitget_daily_close_reconstructed
2026-10-06T11:35:43.729000Z,bitget,MSTR,RMSTRUSDT,ROTATE,157.7300,0.633995,100.00,0.8600,1.0000,10000.00,0.00,,bitget_daily_close_reconstructed
2026-10-06T11:35:43.794000Z,bitget,AAPL,RAAPLUSDT,WAIT,333.3300,0,0.00,-0.0400,0.1000,10000.00,0.00,,bitget_daily_close_reconstructed
2026-10-06T11:37:18.698000Z,bitget,MSTR,RMSTRUSDT,ROTATE,157.7300,0.633995,100.00,0.8600,1.0000,10000.00,0.00,,bitget_daily_close_reconstructed
2026-10-06T11:37:18.720000Z,bitget,AAPL,RAAPLUSDT,WAIT,333.3300,0,0.00,-0.0400,0.1000,10000.00,0.00,,bitget_daily_close_reconstructed
2026-10-06T11:46:31.291000Z,bitget,MSTR,RMSTRUSDT,ROTATE,157.7300,0.633995,100.00,0.7174,0.8574,10000.00,0.00,,bitget_daily_close_reconstructed
2026-10-06T11:46:31.506000Z,bitget,MSTR,RMSTRUSDT,ROTATE,157.7300,0.633995,100.00,0.7662,0.9062,10000.00,0.00,,bitget_daily_close_reconstructed
2026-10-06T11:46:31.605000Z,bitget,MSTR,RMSTRUSDT,ROTATE,157.7300,0.633995,100.00,0.7662,0.9062,10000.00,0.00,,bitget_daily_close_reconstructed
2026-10-06T11:46:36.973000Z,bitget,MSTR,RMSTRUSDT,ROTATE,157.7300,0.633995,100.00,0.7662,0.9062,10000.00,0.00,,bitget_daily_close_reconstructed
2026-10-06T11:46:39.740000Z,bitget,MSTR,RMSTRUSDT,ROTATE,157.7300,0.633995,100.00,0.7662,0.9062,10000.00,0.00,,bitget_daily_close_reconstructed
2026-10-06T11:46:39.946000Z,bitget,MSTR,RMSTRUSDT,ROTATE,157.7300,0.633995,100.00,0.7662,0.9062,10000.00,0.00,,bitget_daily_close_reconstructed
2026-10-06T11:47:35.971000Z,bitget,MSTR,RMSTRUSDT,ROTATE,157.7300,0.633995,100.00,0.7571,0.8971,10000.00,0.00,,bitget_daily_close_reconstructed
2026-10-06T11:47:36.280000Z,bitget,MSTR,RMSTRUSDT,ROTATE,157.7300,0.633995,100.00,0.7267,0.8667,10000.00,0.00,,bitget_daily_close_reconstructed
2026-10-06T11:47:36.304000Z,bitget,MSTR,RMSTRUSDT,ROTATE,157.7300,0.633995,100.00,0.7267,0.8667,10000.00,0.00,,bitget_daily_close_reconstructed
2026-10-06T11:47:41.277000Z,bitget,MSTR,RMSTRUSDT,ROTATE,157.7300,0.633995,100.00,0.7267,0.8667,10000.00,0.00,,bitget_daily_close_reconstructed
2026-10-06T12:22:42.767000Z,bitget,MSTR,RMSTRUSDT,ROTATE,157.7300,0.633995,100.00,0.8600,1.0000,10000.00,0.00,ROTATE-MSTR-1791289362767,bitget_daily_close_reconstructed
2026-10-06T12:22:42.805000Z,bitget,AAPL,RAAPLUSDT,WAIT,333.3300,0,0.00,-0.0400,0.1000,10000.00,0.00,WAIT-AAPL-1791289362805,bitget_daily_close_reconstructed
2026-10-06T12:25:49.069000Z,bitget,MSTR,RMSTRUSDT,ROTATE,157.7300,0.633995,100.00,0.8600,1.0000,10000.00,0.00,ROTATE-MSTR-1791289549069,bitget_daily_close_reconstructed
2026-10-06T12:25:49.076000Z,bitget,AAPL,RAAPLUSDT,WAIT,333.3300,0,0.00,-0.0400,0.1000,10000.00,0.00,WAIT-AAPL-1791289549076,bitget_daily_close_reconstructed
2026-10-06T12:26:10.032000Z,bitget,MSTR,RMSTRUSDT,ROTATE,157.7300,0.633995,100.00,0.8600,1.0000,10000.00,0.00,ROTATE-MSTR-1791289570032,bitget_daily_close_reconstructed
2026-10-06T12:26:10.041000Z,bitget,AAPL,RAAPLUSDT,WAIT,333.3300,0,0.00,-0.0400,0.1000,10000.00,0.00,WAIT-AAPL-1791289570041,bitget_daily_close_reconstructed
2026-10-06T12:27:47.753000Z,bitget,MSTR,RMSTRUSDT,ROTATE,157.7300,0.633995,100.00,0.8600,1.0000,10000.00,0.00,ROTATE-MSTR-1791289667760,bitget_daily_close_reconstructed
2026-10-06T12:27:47.778000Z,bitget,AAPL,RAAPLUSDT,WAIT,333.3300,0,0.00,-0.0400,0.1000,10000.00,0.00,WAIT-AAPL-1791289667779,bitget_daily_close_reconstructed
2026-10-06T12:30:36.465000Z,bitget,MSTR,RMSTRUSDT,ROTATE,157.7300,0.633995,100.00,0.8600,1.0000,10000.00,0.00,ROTATE-MSTR-1791289836465,bitget_daily_close_reconstructed
2026-10-06T12:30:36.486000Z,bitget,AAPL,RAAPLUSDT,WAIT,333.3300,0,0.00,-0.0400,0.1000,10000.00,0.00,WAIT-AAPL-1791289836486,bitget_daily_close_reconstructed
2026-10-06T12:36:38.366000Z,bitget,MSTR,RMSTRUSDT,ROTATE,157.7300,0.633995,100.00,0.8600,1.0000,10000.00,0.00,ROTATE-MSTR-1791290198366,bitget_daily_close_reconstructed
2026-10-06T12:36:38.372000Z,bitget,AAPL,RAAPLUSDT,WAIT,333.3300,0,0.00,-0.0400,0.1000,10000.00,0.00,WAIT-AAPL-1791290198372,bitget_daily_close_reconstructed
2026-10-06T12:39:59.127000Z,bitget,MSTR,RMSTRUSDT,ROTATE,157.7300,0.633995,100.00,0.8600,1.0000,10000.00,0.00,ROTATE-MSTR-1791290399127,bitget_daily_close_reconstructed
2026-10-06T12:39:59.174000Z,bitget,AAPL,RAAPLUSDT,WAIT,333.3300,0,0.00,-0.0400,0.1000,10000.00,0.00,WAIT-AAPL-1791290399175,bitget_daily_close_reconstructed
2026-10-06T13:13:29.770000Z,bitget,MSTR,RMSTRUSDT,ROTATE,157.7300,0.633995,100.00,0.7523,0.8923,10000.00,0.00,ROTATE-MSTR-1791292409770,bitget_daily_close_reconstructed
2026-10-06T13:42:33.386000Z,bitget,MSTR,RMSTRUSDT,WAIT,157.7300,0,0.00,-0.0839,0.0561,10000.00,0.00,WAIT-MSTR-1791294153386,bitget_daily_close_reconstructed
2026-10-06T13:42:50.014000Z,bitget,MSFT,RMSFTUSDT,WAIT,527.8650,0,0.00,-0.0738,0.0662,10000.00,0.00,WAIT-MSFT-1791294170014,bitget_daily_close_reconstructed
2026-10-06T14:00:19.028000Z,bitget,MSTR,RMSTRUSDT,ROTATE,157.7300,0.633995,100.00,0.8600,1.0000,10000.00,0.00,ROTATE-MSTR-1791295219028,bitget_daily_close_reconstructed
2026-10-06T14:00:19.035000Z,bitget,AAPL,RAAPLUSDT,WAIT,333.3300,0,0.00,-0.0400,0.1000,10000.00,0.00,WAIT-AAPL-1791295219035,bitget_daily_close_reconstructed
2026-10-06T14:00:33.984000Z,bitget,MSTR,RMSTRUSDT,ROTATE,157.7300,0.633995,100.00,0.8600,1.0000,10000.00,0.00,ROTATE-MSTR-1791295233984,bitget_daily_close_reconstructed
2026-10-06T14:00:33.988000Z,bitget,AAPL,RAAPLUSDT,WAIT,333.3300,0,0.00,-0.0400,0.1000,10000.00,0.00,WAIT-AAPL-1791295233988,bitget_daily_close_reconstructed
2026-10-07T05:46:21.169000Z,bitget,NVDA,RNVDAUSDT,ROTATE,237.9850,0.420195,100.00,0.3936,0.5336,10000.00,0.00,ROTATE-NVDA-1791351981169,bitget_daily_close_reconstructed
2026-10-07T09:05:22.804000Z,bitget,COIN,RCOINUSDT,BUY,179.1250,0.558269,100.00,1.8951,-2.0351,9900.00,-100.00,BUY-COIN-1791363922804,bitget_daily_close_reconstructed
2026-10-07T09:20:38.446000Z,bitget,COIN,RCOINUSDT,BUY,179.1250,0.558269,100.00,2.1149,-2.2549,9800.00,-100.00,BUY-COIN-1791364838446,bitget_daily_close_reconstructed
2026-10-07T09:23:32.438000Z,bitget,COIN,RCOINUSDT,BUY,179.1250,0.558269,100.00,1.9988,-2.1388,9700.00,-100.00,BUY-COIN-1791365012438,bitget_daily_close_reconstructed
2026-10-07T09:25:32.493000Z,bitget,COIN,RCOINUSDT,BUY,179.1250,0.558269,100.00,1.8976,-2.0376,9600.00,-100.00,BUY-COIN-1791365132493,bitget_daily_close_reconstructed
2026-10-07T09:27:45.528000Z,bitget,COIN,RCOINUSDT,BUY,179.1250,0.558269,100.00,2.0183,-2.1583,9500.00,-100.00,BUY-COIN-1791365265528,bitget_daily_close_reconstructed
2026-10-07T09:33:07.177000Z,bitget,COIN,RCOINUSDT,BUY,179.1250,0.558269,100.00,2.0339,-2.1739,9400.00,-100.00,BUY-COIN-1791365587178,bitget_daily_close_reconstructed
2026-10-07T09:47:07.556000Z,bitget,COIN,RCOINUSDT,BUY,179.1250,0.558269,100.00,2.0992,-2.2392,9300.00,-100.00,BUY-COIN-1791366427556,bitget_daily_close_reconstructed
2026-10-07T09:50:28.297000Z,bitget,COIN,RCOINUSDT,BUY,179.1250,0.558269,100.00,1.9934,-2.1334,9200.00,-100.00,BUY-COIN-1791366628297,bitget_daily_close_reconstructed
2026-10-07T09:53:43.218000Z,bitget,COIN,RCOINUSDT,BUY,179.1250,0.558269,100.00,2.0872,-2.2272,9100.00,-100.00,BUY-COIN-1791366823218,bitget_daily_close_reconstructed
2026-10-07T13:44:07.698000Z,bitget,TSLA,RTSLAUSDT,WAIT,377.2800,0,0.00,0.1085,-0.2485,9100.00,0.00,WAIT-TSLA-1791380647698,live_recorded
2026-10-07T13:44:08.735000Z,bitget,TSLA,RTSLAUSDT,WAIT,377.2800,0,0.00,0.1085,-0.2485,9100.00,0.00,WAIT-TSLA-1791380648735,live_recorded
2026-10-07T13:44:09.817000Z,bitget,TSLA,RTSLAUSDT,WAIT,377.2800,0,0.00,0.1085,-0.2485,9100.00,0.00,WAIT-TSLA-1791380649817,live_recorded
2026-10-07T13:44:10.930000Z,bitget,TSLA,RTSLAUSDT,WAIT,377.2800,0,0.00,0.1085,-0.2485,9100.00,0.00,WAIT-TSLA-1791380650930,live_recorded
2026-10-07T13:44:12.050000Z,bitget,TSLA,RTSLAUSDT,WAIT,377.2800,0,0.00,0.1085,-0.2485,9100.00,0.00,WAIT-TSLA-1791380652050,live_recorded
2026-10-07T13:44:13.107000Z,bitget,TSLA,RTSLAUSDT,WAIT,377.2800,0,0.00,0.1085,-0.2485,9100.00,0.00,WAIT-TSLA-1791380653107,live_recorded
